shop_id,shop_name,sku_id,spu_id,spu_name,price_cent,is_discount_product,disc_cent,is_popular_sku
159401806,Hunoo Sushi,44496334,80315909,Yakissoba De Carne,5988,1,1198,1
159401806,Hunoo Sushi,51578509,80232103,Temaki Hot Roll Empanado,5028,0,NULL,0
159401806,Hunoo Sushi,53578262,58123299,Teppan De Frango,6828,0,NULL,0
159401806,Hunoo Sushi,56577592,80315913,Hossomaki De Pepino Japonês,2388,0,NULL,0
159401806,Hunoo Sushi,58577485,80176247,Temaki Ebiten Camarão,5028,1,1006,1
159401806,Hunoo Sushi,79973933,80272070,Hot Roll Hunoo,5148,0,NULL,0
159401806,Hunoo Sushi,80008062,80288756,Uramaki Salmão Filadélfia Grelhado,4428,1,886,0
159401806,Hunoo Sushi,80008063,80187299,Schweppes Citrus,1090,0,NULL,0
159401806,Hunoo Sushi,85843336,86129351,Poke salmão,6590,0,NULL,1
159401806,Hunoo Sushi,54578979,80252946,Temaki De Shimeii,4308,0,NULL,0
159401806,Hunoo Sushi,61578927,55123964,Sushi Toro Atum Trufado,1548,0,NULL,0
159401806,Hunoo Sushi,61578930,80272071,Heineken Long Neck,1788,0,NULL,0
159401806,Hunoo Sushi,79973928,80187295,Uramaki De Toro Atum,4788,1,958,1
159401806,Hunoo Sushi,79973931,55123965,Água Mineral S/Gás,1068,0,NULL,0
159401806,Hunoo Sushi,80061532,50121659,Usszukuri De Peixe Branco,7668,0,NULL,0
159401806,Hunoo Sushi,45498679,80242789,Jhou De Ebi Nikkei,1788,0,NULL,0
159401806,Hunoo Sushi,53578261,80197706,Batera Especial De Salmão,4188,0,NULL,0
159401806,Hunoo Sushi,55578531,45092008,Uramaki De Salmão,4428,1,886,1
159401806,Hunoo Sushi,57578522,80288753,Temaki Filadélfia Grelhado,4308,0,NULL,0
159401806,Hunoo Sushi,79973927,56123501,H2Oh!,1308,0,NULL,0
159401806,Hunoo Sushi,79973939,80221545,Temaki Toro Atum,4788,0,NULL,0
159401806,Hunoo Sushi,45498676,53121587,Usszukuri De Barriga De Salmão,7908,0,NULL,0
159401806,Hunoo Sushi,45498678,62123282,Teppan De Lula,9108,0,NULL,0
159401806,Hunoo Sushi,46549089,80315914,Combo Hunoo Especial,23868,0,NULL,1
159401806,Hunoo Sushi,57578523,80315916,Hossomaki De Salmão,2388,0,NULL,0
159401806,Hunoo Sushi,59578882,80221538,Combo Hunoo Premium,15948,0,NULL,1
159401806,Hunoo Sushi,61578932,55123967,Yakimeshi,5508,0,NULL,0
159401806,Hunoo Sushi,79954308,58123295,Yakissoba De Frango,7188,1,1438,0
159401806,Hunoo Sushi,79954309,80262284,Hossomaki De Atum,2388,0,NULL,0
159401806,Hunoo Sushi,79964328,80176242,Teppan De Tilápia,7908,0,NULL,0
159401806,Hunoo Sushi,79985224,80187296,Teppan De Salmão,10308,0,NULL,0
159401806,Hunoo Sushi,80008059,55123961,Corona Long Neck,1908,0,NULL,0
159401806,Hunoo Sushi,80039618,80315915,Espaguete,6588,0,NULL,0
159401806,Hunoo Sushi,80061528,80221540,Uramaki De Salmão Especial C/ Caviar,4788,0,NULL,0
159401806,Hunoo Sushi,80079749,48121903,Combo Simples Hunoo,10788,1,2158,1
159401806,Hunoo Sushi,80079753,80232105,Água Mineral C/Gás,1068,0,NULL,0
159401806,Hunoo Sushi,46549092,58123303,Sushi Barriga De Salmão Trufado,1548,0,NULL,1
159401806,Hunoo Sushi,47548887,80187298,Teppan De Camarão,11508,0,NULL,0
159401806,Hunoo Sushi,53578260,64123198,Budweiser Long Neck,1788,0,NULL,0
159401806,Hunoo Sushi,55578535,80209730,Jhou De Barriga De Salmão,1548,0,NULL,0
159401806,Hunoo Sushi,58577483,80315911,Uramaki Ebiten Nikkei,5148,0,NULL,0
159401806,Hunoo Sushi,80061529,64123195,Jhou De Ovo De Codorna,1548,0,NULL,0
159401806,Hunoo Sushi,83201109,51121006,Sashimi Barriga De Salmão,5988,0,NULL,0
159401806,Hunoo Sushi,83391067,59122340,Sashimi Peixe Branco,5268,0,NULL,0
159401806,Hunoo Sushi,46549093,80288757,Usszukuri De Barriga De Atum,9108,0,NULL,0
159401806,Hunoo Sushi,47548884,49121665,Stella Long Neck,1788,0,NULL,0
159401806,Hunoo Sushi,51578511,46091780,Temaki De Salmão C/ Shimeji,5028,0,NULL,0
159401806,Hunoo Sushi,54578976,80315910,Temaki Peixe Branco,4308,0,NULL,0
159401806,Hunoo Sushi,55578529,59122339,Sushi Peixe Branco Trufado,1548,0,NULL,0
159401806,Hunoo Sushi,57578524,49121666,Água Tônica,1428,0,NULL,0
159401806,Hunoo Sushi,61578926,59122338,Refrigerante,1428,0,NULL,0
159401806,Hunoo Sushi,79973936,80221544,Temaki Criativo,5028,1,1006,0
159401806,Hunoo Sushi,80017730,80315912,Temaki Salmão,4788,1,958,1
159401806,Hunoo Sushi,80061531,80209729,Jhou De Ovas Massagô,1788,0,NULL,0
159401806,Hunoo Sushi,83281484,80298387,Sashimi Toro De Atum,6348,0,NULL,0
159480919,Taira Sushi,93170382,94444361,Hot Roll Tradicional,3750,1,1125,1
159480919,Taira Sushi,93060350,94414534,Uramaki Philadelphia Especial,3900,0,NULL,1
159480919,Taira Sushi,107890697,109048357,Joy Tio Zoio,4600,0,NULL,0
159480919,Taira Sushi,107575707,108812825,Croquete de Salmão,2390,0,NULL,0
159480919,Taira Sushi,93000635,94304858,Temaki Salmão Cream Cheese,3900,0,NULL,0
159480919,Taira Sushi,93238970,94687627,Uramaki Salmão Spicy Trufado,3800,0,NULL,0
159480919,Taira Sushi,92780259,94275051,Poke,6990,0,NULL,0
159480919,Taira Sushi,93080418,94335003,Gyoza Suíno com Legumes,2490,0,NULL,0
159480919,Taira Sushi,92980796,94444378,Joy Salmão Alho Poró,4100,0,NULL,0
159480919,Taira Sushi,93040457,94414539,Niguirí do Chef,4500,0,NULL,0
159480919,Taira Sushi,93218989,94424467,Crispy de Couve,300,0,NULL,0
159480919,Taira Sushi,93050576,94544090,Temaki Salmão Grelhado,3690,0,NULL,0
159480919,Taira Sushi,93070681,94534349,Niguirí Salmão,3800,0,NULL,1
159480919,Taira Sushi,93070683,94354790,Joy Salmão Maracujá,4100,0,NULL,0
159480919,Taira Sushi,93120537,94394743,Niguirí Salmão Fresh,4500,0,NULL,0
159480919,Taira Sushi,93182224,94344696,Coca Cola Zero Lata 350ml,890,0,NULL,0
159480919,Taira Sushi,93170391,94344695,Sashimi Salmão (10 Peças),5600,0,NULL,1
159480919,Taira Sushi,113353639,116007876,Combinado Tairinha (10 peças),6900,0,NULL,0
159480919,Taira Sushi,113405143,116076053,Combinado Gunma (11 peças),6200,0,NULL,0
159480919,Taira Sushi,92980793,94454578,Temaki Salmão,3800,0,NULL,1
159480919,Taira Sushi,92960748,94705148,Joy Salmão Shimeji,3700,0,NULL,0
159480919,Taira Sushi,93110534,94294887,Niguirí Salmão Maçaricado,3900,0,NULL,0
159480919,Taira Sushi,93130603,94344684,Carpaccio Salmão,3100,0,NULL,0
159480919,Taira Sushi,105481854,106751286,Carpaccio de Polvo,4390,0,NULL,0
159480919,Taira Sushi,92980798,94444382,Refrigerante Guaraná Zero Antarctica 350ml,890,0,NULL,0
159480919,Taira Sushi,93010720,94514056,Gengibre,300,0,NULL,0
159480919,Taira Sushi,93372278,94294891,Joy Salmão Cream Cheese,3850,0,NULL,1
159480919,Taira Sushi,113333445,115950438,Sashimi Polvo (10 peças),5890,0,NULL,0
159480919,Taira Sushi,92970759,94304864,Combinado 3 Maçaricado - 17 peças,8200,0,NULL,0
159480919,Taira Sushi,92980786,94275039,Uramaki Salmão Grelhado,3600,0,NULL,0
159480919,Taira Sushi,93170381,94394740,Harumaki Queijo,2190,0,NULL,0
159480919,Taira Sushi,93218988,94364738,Joy Camarão,4500,0,NULL,0
159480919,Taira Sushi,92930757,94534341,Hot Roll Shimeji,3890,0,NULL,0
159480919,Taira Sushi,92780258,94294892,Combinado Especial - 28 Peças,13500,0,NULL,0
159480919,Taira Sushi,93020628,94335002,Sunomono,1590,0,NULL,0
159480919,Taira Sushi,93030601,94514058,Coca-Cola Original 350ml,890,0,NULL,0
159480919,Taira Sushi,93040453,94364730,Hot Roll Salmão com Shimeji,4090,0,NULL,0
159480919,Taira Sushi,93040463,94335015,Cream Cheese,300,0,NULL,0
159480919,Taira Sushi,93070682,94534350,Temaki Salmarão,4190,0,NULL,0
159480919,Taira Sushi,93120538,94434366,Temaki Hot,4190,0,NULL,0
159480919,Taira Sushi,93130607,94705140,Uramaki Skin,3090,0,NULL,0
159480919,Taira Sushi,93160342,94705132,Hot Roll Spicymayo,4290,0,NULL,0
159480919,Taira Sushi,93229010,94304848,Hot Roll Sweet Chilli,3990,0,NULL,0
159480919,Taira Sushi,105729582,106931439,Tempurá c/ Camarão (2un),3090,0,NULL,0
159480919,Taira Sushi,106814193,107857653,Temaki Polvo,4390,0,NULL,0
159480919,Taira Sushi,92780262,94687637,Água Mineral Crystal Sem Gás 500ml,690,0,NULL,0
159480919,Taira Sushi,92950835,94484303,Temaki Salmão Shimeji,3790,0,NULL,0
159480919,Taira Sushi,92970751,94434361,Uramaki Boston,4100,0,NULL,0
159480919,Taira Sushi,93000636,94354785,Temaki Salmão Kani,3590,0,NULL,0
159480919,Taira Sushi,93080426,94344697,Cerveja Heineken Lager Sem Álcool 330ml,1690,0,NULL,0
159480919,Taira Sushi,93090487,94494403,Joy Cream Cheese sem Arroz,3700,0,NULL,0
159480919,Taira Sushi,93120544,94275050,Crispy de Cebola,300,0,NULL,0
159480919,Taira Sushi,93130604,94454568,Ceviche Misto,3700,0,NULL,0
159480919,Taira Sushi,93352326,94404621,Hot Roll Especial,3850,0,NULL,0
159480919,Taira Sushi,92950824,94454569,Ceviche Salmão,3700,0,NULL,0
159480919,Taira Sushi,92950825,94705131,Ceviche Okinawa,3900,0,NULL,0
159480919,Taira Sushi,93020629,94364729,Shimeji,2490,0,NULL,1
159480919,Taira Sushi,93040452,94344683,Ceviche Peixe Branco,3700,0,NULL,0
159480919,Taira Sushi,93050574,94315014,Uramaki Califórnia,3090,0,NULL,0
159480919,Taira Sushi,93060352,94687628,Hossomaki Kani,2290,0,NULL,0
159480919,Taira Sushi,93110532,94304854,Uramaki Philadelphia Grelhado,3700,0,NULL,0
159480919,Taira Sushi,93140306,94304863,Joy Salmão,3700,0,NULL,0
159480919,Taira Sushi,93160354,94294893,Refrigerante Guaraná Antarctica 350ml,890,0,NULL,0
159480919,Taira Sushi,93170392,94394748,Crispy de Batata Doce,300,0,NULL,0
159480919,Taira Sushi,93229011,94275035,Hot Roll Banana com Doce de Leite,4090,0,NULL,0
159480919,Taira Sushi,93372282,94374825,Sashimi Salmão Pesto (10 peças),5990,0,NULL,0
159480919,Taira Sushi,92780261,94464360,Refrigerante de Limão H2oh 500ml,990,0,NULL,0
159480919,Taira Sushi,92930763,94404622,Uramaki Philadelphia,3600,0,NULL,1
159480919,Taira Sushi,92950840,94554159,Combinado 1 - 17 peças,8200,0,NULL,1
159480919,Taira Sushi,92950841,94444381,Wasabi Extra,300,0,NULL,0
159480919,Taira Sushi,92960749,94304865,Cerveja Corona 330ml,1690,0,NULL,0
159480919,Taira Sushi,92990708,94544094,Joy Salmão Sweet Chilli,3800,0,NULL,0
159480919,Taira Sushi,93020633,94434362,Uramaki Camarão Especial,4100,0,NULL,0
159480919,Taira Sushi,93060353,94514044,Hossomaki Salmão,2590,0,NULL,1
159480919,Taira Sushi,93080425,94424465,Joy Salmão Frutas Vermelhas,4100,0,NULL,0
159480919,Taira Sushi,93100279,94444371,Temaki Skin,3190,0,NULL,0
159480919,Taira Sushi,93100288,94715153,Refrigerante Limoneto H2oh 500ml,990,0,NULL,0
159480919,Taira Sushi,93130610,94404624,Hossomaki Pepino,2090,0,NULL,0
159480919,Taira Sushi,93160355,94504340,Cerveja Prius Jaspion 355ml,1790,0,NULL,0
159480919,Taira Sushi,93182221,94464352,Temaki Shimeji,3690,0,NULL,0
159480919,Taira Sushi,93238971,94414540,Temaki Boston,4200,0,NULL,0
159480919,Taira Sushi,93352335,94424466,Sashimi Salmão (5 Peças),3100,0,NULL,0
159480919,Taira Sushi,105497543,106781044,Takoyaki,2590,0,NULL,0
159480919,Taira Sushi,92950834,94304856,Niguirí Kani,3200,0,NULL,0
159480919,Taira Sushi,93010721,94424468,Cerveja Cero Sunbrew Zero Álcool Corona 330ml,1690,0,NULL,0
159480919,Taira Sushi,93060345,94344685,Hot Roll Batata Doce Crispy,3890,0,NULL,0
159480919,Taira Sushi,93080427,94294894,Cerveja Heineken Unidade 330ml,1690,0,NULL,0
159480919,Taira Sushi,93110538,94304866,Suco Del Valle Maracujá 290ml,890,0,NULL,0
159480919,Taira Sushi,93170387,94705141,Uramaki Salmão,3600,0,NULL,0
159480919,Taira Sushi,93238965,94705133,Hot Roll Salmarão,4290,0,NULL,0
159480919,Taira Sushi,112369291,115004145,1 Hot Tradicional + 1 Temaki Hot,5890,0,NULL,0
159480919,Taira Sushi,92930756,94275034,Hot Roll Couve Crispy,3890,0,NULL,0
159480919,Taira Sushi,92970754,94504336,Niguirí Skin,3490,0,NULL,0
159480919,Taira Sushi,92980797,94494406,Água Mineral com Gás Mineral 500ml,690,0,NULL,0
159480919,Taira Sushi,93000625,94315010,Ceviche Ebi Salmão,4090,0,NULL,0
159480919,Taira Sushi,93030596,94504337,Temaki Califórnia,3190,0,NULL,0
159480919,Taira Sushi,93050580,94554160,Molho Tarê Caseiro,300,0,NULL,0
159480919,Taira Sushi,93070671,94544088,Hot Roll Banana com Nutella,4090,0,NULL,0
159480919,Taira Sushi,93110536,94414541,Temaki Camarão Empanado,4200,0,NULL,0
159480919,Taira Sushi,93120542,94374824,Combinado 2 - 29 peças,13500,0,NULL,0
159480919,Taira Sushi,93238973,94494404,Sashimi Salmão Pesto (5 peças),3300,0,NULL,0
159480919,Taira Sushi,93372283,94554161,Suco Del Valle Mais Sabor Uva Em Lata,890,0,NULL,0
159480919,Taira Sushi,112621304,115066692,TRIPLO HOT,5190,0,NULL,0
159480919,Taira Sushi,113279053,116040933,Combinado Ebi Poró (9 peças),5200,0,NULL,0
159480919,Taira Sushi,113487424,116059605,Sashimi Polvo  (5 peças),3390,0,NULL,0
159426181,Koji Gourmet,60662862,60223051,Poke ( escolha 1 proteína e 4 acompanhamentos),7290,1,2187,1
159426181,Koji Gourmet,101657233,103056011,Yakisoba misto,5000,0,NULL,0
159426181,Koji Gourmet,58661454,82483476,Combo Koji 3,7990,0,NULL,1
159426181,Koji Gourmet,82077859,59222679,Combo Koji 2,6890,1,2136,1
159426181,Koji Gourmet,89590622,90257683,Bentô 3  (sem troca de itens),6590,1,2043,1
159426181,Koji Gourmet,89472046,89977130,Joy geléia de pimenta,1788,0,NULL,0
159426181,Koji Gourmet,50662783,82515405,Tempurá Kakiagué ( 5 Unidades),4428,1,1373,1
159426181,Koji Gourmet,54662692,82453042,Joy De Salmão,1788,0,NULL,0
159426181,Koji Gourmet,82033354,45192711,Harumaki De Queijo,3228,0,NULL,0
159426181,Koji Gourmet,96482213,97771015,Envolto de camarão,3290,0,NULL,0
159426181,Koji Gourmet,89460624,90016674,Bentô 2  (sem troca de itens),6590,1,2043,1
159426181,Koji Gourmet,89600499,90097644,Envolto de shimeji,2950,0,NULL,0
159426181,Koji Gourmet,46633094,47221294,Shimeji Na Manteiga,3450,0,NULL,0
159426181,Koji Gourmet,82057977,82505444,Harumaki De Camarão Cheese,4050,0,NULL,0
159426181,Koji Gourmet,89360794,90047643,Temaki Salmão Completo,4090,1,1350,1
159426181,Koji Gourmet,57662854,64223822,Bentô 1 (sem troca de itens),6190,1,2166,0
159426181,Koji Gourmet,57662993,82538607,Guioza Tradicional ( 8 Unidades),3708,1,1224,1
159426181,Koji Gourmet,96461918,97758548,Hot Koji,4800,0,NULL,0
159426181,Koji Gourmet,48631397,46192062,Teishoku,7920,0,NULL,0
159426181,Koji Gourmet,48631515,82463715,Teppan De Salmão,9120,1,2645,1
159426181,Koji Gourmet,54662691,55224526,Teppan De Frutos Do Mar,9840,0,NULL,0
159426181,Koji Gourmet,62662588,82453049,Harumaki De Salmão 2 Unidades,3450,0,NULL,0
159426181,Koji Gourmet,82077870,49222373,Petit Gateau de Chocolate,2760,0,NULL,0
159426181,Koji Gourmet,82139636,63223670,Temaki Salmão Grelhado,3990,0,NULL,0
159426181,Koji Gourmet,82149582,56224107,Joy Geléia,1788,0,NULL,0
159426181,Koji Gourmet,89450729,89965585,Temaki de Atum,3799,0,NULL,0
159426181,Koji Gourmet,102980208,104351174,Niguirizushi Shiromi,1390,0,NULL,0
159426181,Koji Gourmet,58661565,54223343,Ceviche Classico,5504,0,NULL,0
159426181,Koji Gourmet,82033347,59222830,Teppan De Choriso,9480,0,NULL,0
159426181,Koji Gourmet,82173524,82525095,Sushi Koji ( Porção p/ 2 Pessoas),8990,0,NULL,0
159426181,Koji Gourmet,89327596,90197663,Hot Salmão,4490,0,NULL,0
159426181,Koji Gourmet,89540559,90127573,Temaki de salmão,3990,0,NULL,0
159426181,Koji Gourmet,96348625,98385561,Risoto frutos do mar,10790,0,NULL,0
159426181,Koji Gourmet,101874066,103076001,Yakisoba frutos do mar,6600,0,NULL,0
159426181,Koji Gourmet,50662781,82483596,Harumaki De Legumes Com Frango,2628,0,NULL,0
159426181,Koji Gourmet,82139680,82453052,Ceviche Koji Polvo E Peixe Branco,5228,0,NULL,0
159426181,Koji Gourmet,89440554,90157521,Temaki salmão com cream cheese,3990,0,NULL,0
159426181,Koji Gourmet,89550636,90257693,Combinado Individual,10290,0,NULL,0
159426181,Koji Gourmet,96480121,82505386,Combinado Kids,4990,0,NULL,0
159426181,Koji Gourmet,96618673,97788774,Combinado Norimaki Individual,8590,0,NULL,0
159426181,Koji Gourmet,102723520,104351175,Niguirizushi Tako,2000,0,NULL,0
159426181,Koji Gourmet,102753942,104491172,Niguirizushi Maguro,1790,0,NULL,0
159426181,Koji Gourmet,102830046,104308297,Niguirizushi Salmão,1990,0,NULL,0
159426181,Koji Gourmet,104083533,104558093,Niguirizushi Kani,1390,0,NULL,0
159426181,Koji Gourmet,82033358,59222838,Gohan Porção De Arroz,1308,0,NULL,0
159426181,Koji Gourmet,82103042,82505460,Robata De Carne Com Queijo (choriso),5880,0,NULL,0
159426181,Koji Gourmet,82118897,82572693,Ceviche Mix,6480,0,NULL,0
159426181,Koji Gourmet,89450731,90067493,Camarão Empanado,4390,0,NULL,0
159426181,Koji Gourmet,89530544,90077633,Temaki salmão e cebolinha,3990,0,NULL,0
159426181,Koji Gourmet,89560584,90217724,Mochiaki,3690,0,NULL,0
159426181,Koji Gourmet,89610692,90167840,Bolinho de Salmão,3890,0,NULL,0
159426181,Koji Gourmet,96535925,97530735,Hot Holl de Banana,4390,0,NULL,0
159426181,Koji Gourmet,96633586,97778655,Combinado Koji Mix Para 3 Pessoas,26790,0,NULL,0
159426181,Koji Gourmet,96650691,97778659,Combinado Salmão 2 Pessoas,15990,0,NULL,0
159426181,Koji Gourmet,96949865,98517066,Peixe sobre creme de coco,14690,0,NULL,0
159426181,Koji Gourmet,97218236,51221643,Sunomono,1790,0,NULL,0
159426181,Koji Gourmet,82057877,59222686,Cocada De Coco,4200,0,NULL,0
159426181,Koji Gourmet,82129893,82582562,"Harumaki De Banana Com Sorvete De Creme, Chocolate Ou Coco Branco (2 Unidades)",2280,0,NULL,0
159426181,Koji Gourmet,89480508,90217729,Big Hot,5699,0,NULL,0
159426181,Koji Gourmet,89490705,89965606,Bolinho de Salmão com Catupiry,3999,0,NULL,0
159426181,Koji Gourmet,96387467,97798947,Bentô 4  (sem troca de itens),6590,0,NULL,0
159426181,Koji Gourmet,101836553,103317168,Yakisoba de carne,5490,0,NULL,0
159426181,Koji Gourmet,103000057,105128225,Niguirizushi Ebi,1900,0,NULL,0
159426181,Koji Gourmet,82103019,60223024,Ceviche Coco,7200,0,NULL,0
159426181,Koji Gourmet,82130015,64223948,Yakimeshi,4188,0,NULL,0
159426181,Koji Gourmet,82149604,82525174,Robata De Salmão,4680,0,NULL,0
159426181,Koji Gourmet,82173574,82561044,Ceviche Polvo,7440,0,NULL,0
159426181,Koji Gourmet,83243812,83818012,Sushi Salmão (Porção Individual),5890,0,NULL,0
159426181,Koji Gourmet,89340707,90167851,Makicouve,4690,0,NULL,0
159426181,Koji Gourmet,89510626,90067445,Temaki Hot,3799,0,NULL,0
159426181,Koji Gourmet,89550596,89996648,Bolinho de Costela,3990,0,NULL,0
159426181,Koji Gourmet,96348630,98445607,Salmão grelhado com purê,9790,0,NULL,0
159426181,Koji Gourmet,101560766,102991512,Yakisoba de salmão,5190,0,NULL,0
159426181,Koji Gourmet,101571634,103173545,Yakisoba de frango,4700,0,NULL,0
159426181,Koji Gourmet,101625762,103056013,Yakisoba de camarão,5000,0,NULL,0
159529587,Sushi na Praça,86814981,86965854,Combinado com 28 Peças,6400,0,NULL,1
159529587,Sushi na Praça,87014255,86991040,Dog Holl,3100,1,465,1
159529587,Sushi na Praça,102373456,104032843,Hot Holl Tradicional,2700,0,NULL,0
159529587,Sushi na Praça,86941635,87173003,Salmão Ball,1800,1,360,1
159529587,Sushi na Praça,86910948,87260039,Joy,2500,0,NULL,0
159529587,Sushi na Praça,86951873,87294063,Sunomono,1500,0,NULL,0
159529587,Sushi na Praça,86877315,87223691,Sushi Burger Salmão Grelhado,3500,0,NULL,0
159529587,Sushi na Praça,86961753,87389111,Uramaki Philadelfia,3100,0,NULL,0
159529587,Sushi na Praça,86971584,87070831,Temaki Salmão Empanado,3200,0,NULL,0
159529587,Sushi na Praça,86595690,86929095,Temaki Philadelfia,3100,1,465,1
159529587,Sushi na Praça,102531297,104052673,Hot Holl Camarão,3100,0,NULL,0
159529587,Sushi na Praça,86951865,86977829,Combinado com 12 Peças,3800,0,NULL,1
159529587,Sushi na Praça,86595684,87157085,Temaki Salmão Simples,3100,0,NULL,0
159529587,Sushi na Praça,86627804,87284105,Hossomaki Kani,2000,0,NULL,0
159529587,Sushi na Praça,86627835,87294099,Refrigerante Limão H2oh 500ml,750,0,NULL,0
159529587,Sushi na Praça,86648673,87260008,Combo Trio de Ferro,8750,0,NULL,0
159529587,Sushi na Praça,86859463,87194152,Tokai,3600,0,NULL,0
159529587,Sushi na Praça,86877314,87113669,Joy Pimenta,2500,0,NULL,0
159529587,Sushi na Praça,86899200,87015615,Água com Gás,500,0,NULL,0
159529587,Sushi na Praça,86930877,87260024,Sashimi de Salmão,3700,0,NULL,0
159529587,Sushi na Praça,86992610,86954031,Temaki Hot,2900,1,580,1
159529587,Sushi na Praça,102130812,104052687,Temaki Camarão Empanado,3400,0,NULL,0
159529587,Sushi na Praça,102208292,103863549,Sushi Burger Salmarão,3800,0,NULL,0
159529587,Sushi na Praça,86530132,87144048,Uramaki da Praça,3100,0,NULL,0
159529587,Sushi na Praça,86530133,87027963,Niguirí Salmão Maçaricado,3300,0,NULL,0
159529587,Sushi na Praça,86541210,87144038,Harumaki de Queijo,1800,0,NULL,0
159529587,Sushi na Praça,86648704,87173056,Coca-Cola Zero Lata 350ml,800,0,NULL,0
159529587,Sushi na Praça,86805124,86965864,Guioza Suína,2500,0,NULL,0
159529587,Sushi na Praça,86824705,87173031,Hossomaki Pepino,1700,0,NULL,0
159529587,Sushi na Praça,86877327,87070792,Temaki Kani,2500,0,NULL,0
159529587,Sushi na Praça,86910947,87157066,Niguirí Salmão,2500,0,NULL,0
159529587,Sushi na Praça,86992571,86991039,Copo da Felicidade,3100,0,NULL,0
159529587,Sushi na Praça,102171641,103843940,Hot Holl Banana com Nutella,2200,0,NULL,0
159529587,Sushi na Praça,102320522,103896425,Hot Banana com Doce de Leite,2200,0,NULL,0
159529587,Sushi na Praça,86530153,87123343,Poke Grelhado,4700,0,NULL,0
159529587,Sushi na Praça,86541235,87015604,Temaki Salmão Grelhado,3100,1,930,0
159529587,Sushi na Praça,86627834,86977870,Fanta Laranja Lata 350ml,700,0,NULL,0
159529587,Sushi na Praça,86824694,87133162,Ceviche,3100,0,NULL,0
159529587,Sushi na Praça,86847844,87260094,Suco Del Valle Pessego Lata 290ml,800,0,NULL,0
159529587,Sushi na Praça,86859478,87309614,Hossomaki Salmão,2200,0,NULL,0
159529587,Sushi na Praça,86899179,87015588,Sushi Burger Salmão Phila,3500,1,1050,0
159529587,Sushi na Praça,86951884,87100353,Niguirí Kani,2000,0,NULL,0
159529587,Sushi na Praça,87004491,86991083,Energético Guaraviton Açaí 500ml,750,0,NULL,0
159529587,Sushi na Praça,87014292,87309641,H2oh Limoneto 500ml,750,0,NULL,0
159529587,Sushi na Praça,86595709,87233636,Suco Del Valle Néctar Goiaba 290ml,800,0,NULL,0
159529587,Sushi na Praça,86637457,87183945,Harumaki Legumes,1600,0,NULL,0
159529587,Sushi na Praça,86834560,87379126,Suco de Maracujá Del Vale 290ml,800,0,NULL,0
159529587,Sushi na Praça,86899198,86954035,Coca-Cola Lata 350ml,800,0,NULL,0
159529587,Sushi na Praça,86971588,87183986,Refrigerante Guaraná Antarctica Lata 350ml,750,0,NULL,0
159529587,Sushi na Praça,102161764,104093495,Temaki Camarão,3100,0,NULL,0
159529587,Sushi na Praça,102208289,104022754,Hot Holl Kani,1800,0,NULL,0
159529587,Sushi na Praça,86530154,87389131,Poke Salmão,4700,0,NULL,1
159529587,Sushi na Praça,86541209,87260023,Carpaccio de Salmão,2500,1,500,1
159529587,Sushi na Praça,86910949,87213888,Uramaki Salmão Mexicano,3300,0,NULL,0
159529587,Sushi na Praça,86930918,86965900,Fanta Uva Lata 350ml,700,0,NULL,0
159529587,Sushi na Praça,87004500,87015623,Suco Del Valle Manga 200ml,800,0,NULL,0
159529587,Sushi na Praça,102290082,103754443,Temaki Salmarão,3100,0,NULL,0
159529587,Sushi na Praça,102363011,104083518,Uramaki Camarão,3100,0,NULL,0
159529587,Sushi na Praça,86847837,87203826,Água,500,0,NULL,0
159529587,Sushi na Praça,86889122,87070808,Joy Maçaricado,2600,1,520,1
159529587,Sushi na Praça,86910935,86991050,Sashimi de Salmão (2),5000,0,NULL,0
159529587,Sushi na Praça,86941634,87123306,Combinado com 18 Peças,4600,0,NULL,1
159529587,Sushi na Praça,87014298,87005637,Suco Del Valle Mais Sabor Uva em Lata,800,0,NULL,0
159529587,Sushi na Praça,87035982,87309613,Uramaki Kani,2500,0,NULL,0
159529587,Sushi na Praça,102238333,103853790,Sprite Lata Deli 350ml,600,0,NULL,0
159399427,Gendai - Praiamar Shopping · Intermediada,87434442,87869692,Poke Ceviche Salmão,4090,0,NULL,0
159399427,Gendai - Praiamar Shopping · Intermediada,87444230,87898877,Temaki Salmão + Hot Roll Philadelphia + Bebida,4090,0,NULL,0
159399427,Gendai - Praiamar Shopping · Intermediada,87444234,87869680,Yakissoba De Frango,2890,0,NULL,0
159399427,Gendai - Praiamar Shopping · Intermediada,87444235,87889120,Temaki Shimeji,2990,0,NULL,0
159399427,Gendai - Praiamar Shopping · Intermediada,87444238,87889139,Yakissoba De Carne,3590,0,NULL,0
159399427,Gendai - Praiamar Shopping · Intermediada,87453968,87889116,Sushi Express,3890,0,NULL,0
159399427,Gendai - Praiamar Shopping · Intermediada,87453971,87869671,Temaki Salmão Grelhado,2990,0,NULL,0
159399427,Gendai - Praiamar Shopping · Intermediada,87453972,87879084,Domburi Veggie,3390,0,NULL,1
159399427,Gendai - Praiamar Shopping · Intermediada,87453974,87898891,Poke Salmão Grelhado,4090,0,NULL,1
159399427,Gendai - Praiamar Shopping · Intermediada,87434440,87869658,Yakissoba Executivo,3790,0,NULL,1
159399427,Gendai - Praiamar Shopping · Intermediada,87453973,87869685,Poke Salmão Fresh,4090,0,NULL,1
159399427,Gendai - Praiamar Shopping · Intermediada,87464248,87869683,Beef Domburi,4090,0,NULL,0
159399427,Gendai - Praiamar Shopping · Intermediada,87464249,87879072,Temaki Salmão Grelhado Fry,2990,0,NULL,0
159399427,Gendai - Praiamar Shopping · Intermediada,87434427,87898870,Barca Jyo,14390,0,NULL,0
159399427,Gendai - Praiamar Shopping · Intermediada,87434432,87898883,Shimeji,2790,0,NULL,0
159399427,Gendai - Praiamar Shopping · Intermediada,87453964,87898865,Rolinho Banana Com Chocolate 2 uni,1590,0,NULL,0
159399427,Gendai - Praiamar Shopping · Intermediada,87434430,87889121,Temaki Ceviche Salmão,2990,0,NULL,0
159399427,Gendai - Praiamar Shopping · Intermediada,87434437,87869684,Yakissoba De Vegetais,2490,0,NULL,0
159399427,Gendai - Praiamar Shopping · Intermediada,87434438,87879074,Temaki Couve Crispy,2990,0,NULL,0
159399427,Gendai - Praiamar Shopping · Intermediada,87444225,87869664,Guioza,2890,0,NULL,0
159399427,Gendai - Praiamar Shopping · Intermediada,87444233,87879061,Hot Roll Philadelphia,2490,0,NULL,0
159399427,Gendai - Praiamar Shopping · Intermediada,87444240,87889141,Poke Ceviche Mix,3890,0,NULL,0
159399427,Gendai - Praiamar Shopping · Intermediada,87453959,87898867,Karaage,1190,0,NULL,0
159399427,Gendai - Praiamar Shopping · Intermediada,87453967,87879076,Missô Lamen,4090,0,NULL,0
159399427,Gendai - Praiamar Shopping · Intermediada,87464240,87898879,Temaki Salmão Com Shimeji,2990,0,NULL,0
159399427,Gendai - Praiamar Shopping · Intermediada,87464243,87898884,Barca Maki,9390,0,NULL,0
159399427,Gendai - Praiamar Shopping · Intermediada,87464245,87879080,Mini Hot Roll,2390,0,NULL,1
159399427,Gendai - Praiamar Shopping · Intermediada,87464253,87889140,Poke Salmão Ao Molho Oriental,4090,0,NULL,1
159399427,Gendai - Praiamar Shopping · Intermediada,87434428,87889117,Hot Roll Kani,1990,0,NULL,0
159399427,Gendai - Praiamar Shopping · Intermediada,87434433,87869670,Temaki Especial,2990,0,NULL,0
159399427,Gendai - Praiamar Shopping · Intermediada,87434435,87889129,Combo 1/2 Poke Salmão Grelhado + Hot Roll Kani + Bebida,3590,0,NULL,0
159399427,Gendai - Praiamar Shopping · Intermediada,87444231,87898880,Temaki Sushi + Bebida Gratis,4390,0,NULL,0
159399427,Gendai - Praiamar Shopping · Intermediada,87444236,87869669,Temaki Camarão Crispy,2990,0,NULL,0
159399427,Gendai - Praiamar Shopping · Intermediada,87444237,87869656,Domburi Camarão Crispy,4090,0,NULL,0
159399427,Gendai - Praiamar Shopping · Intermediada,87453970,87879081,Poke Camarão Crispy,4090,0,NULL,1
159399427,Gendai - Praiamar Shopping · Intermediada,87453975,87879093,Katsu Karê,4290,0,NULL,0
159399427,Gendai - Praiamar Shopping · Intermediada,87464244,87879079,1/2 Yakissoba Executivo + Berinjela Furai + Bebida,3390,0,NULL,0
159399427,Gendai - Praiamar Shopping · Intermediada,87464247,87879082,Yakissoba De Camarão,4590,0,NULL,0
159399427,Gendai - Praiamar Shopping · Intermediada,87434436,87879068,Sushi Roll + Bebida Grátis (Express),3090,0,NULL,0
159399427,Gendai - Praiamar Shopping · Intermediada,87434439,87879090,Poke Veggie,3890,0,NULL,1
159399427,Gendai - Praiamar Shopping · Intermediada,87444227,87898869,Shoyu Lamen,4090,0,NULL,0
159399427,Gendai - Praiamar Shopping · Intermediada,87453962,87898875,Combinado Especial,5390,0,NULL,0
159399427,Gendai - Praiamar Shopping · Intermediada,87464246,87898888,Barca Nakano,10990,0,NULL,0
159399427,Gendai - Praiamar Shopping · Intermediada,87464250,87869659,Chicken Domburi,3490,0,NULL,0
159399427,Gendai - Praiamar Shopping · Intermediada,87464252,87889138,Yakissoba Especial,4190,0,NULL,1
159578880,Nakazumy Sushi,108606967,109538313,Combo 9 (33 Unidades),16490,0,NULL,0
159578880,Nakazumy Sushi,108678802,109640685,Combo 15 (30 Unidades),14990,0,NULL,0
159578880,Nakazumy Sushi,108927555,109475743,Uramaki Salmão 8 Unidades,3090,0,NULL,0
159578880,Nakazumy Sushi,108525395,109464174,Fanta Laranja Lata 350ml,1090,0,NULL,0
159578880,Nakazumy Sushi,108545197,109513709,Combo 3 (19 Unidades),6090,1,1391,0
159578880,Nakazumy Sushi,108568903,109450902,Temaki Califórnia,3790,0,NULL,0
159578880,Nakazumy Sushi,108596521,109345717,Coca-cola Zero Lata 350ml,1090,0,NULL,0
159578880,Nakazumy Sushi,108771544,109548226,Combo Hot Holls Variados (20 Unidades),9990,0,NULL,0
159578880,Nakazumy Sushi,108828894,109707726,Uramaki Skin Com Couve 8 Unidades,2390,0,NULL,0
159578880,Nakazumy Sushi,108831869,109916876,YAKISSOBA CARNE 300G,6490,0,NULL,0
159578880,Nakazumy Sushi,108870801,109735600,Combinado Salmão 03 - (54 Unidades),26990,0,NULL,0
159578880,Nakazumy Sushi,108885612,109488953,Combo 1 (27 Unidades),12590,0,NULL,0
159578880,Nakazumy Sushi,108596522,109558149,Temaki Atum,4590,0,NULL,0
159578880,Nakazumy Sushi,108771545,109580333,Combo 8 (26 Unidades),12990,0,NULL,0
159578880,Nakazumy Sushi,108784327,109651444,Combo 6 (20 Unidades),9990,0,NULL,0
159578880,Nakazumy Sushi,108806070,109548228,Combo 14 (30 Unidades),14990,0,NULL,0
159578880,Nakazumy Sushi,108860871,109271720,Coca-cola Lata 350ml,1090,0,NULL,0
159578880,Nakazumy Sushi,108860896,109538337,Fanta Uva 350ml,1090,0,NULL,0
159578880,Nakazumy Sushi,108870802,109803405,Combo Salmão 2 (40 Unidades),19990,0,NULL,0
159578880,Nakazumy Sushi,108555311,109450904,02 Temaki A Sua Escolha + 20 Hot-rolls,7290,1,300,1
159578880,Nakazumy Sushi,108596520,109725277,Refrigerante Guaraná Antarctica 350ml Zero,1090,0,NULL,0
159578880,Nakazumy Sushi,108721398,109661605,Combo 11 (29 Unidades),14590,0,NULL,0
159578880,Nakazumy Sushi,108860870,109707725,Uramaki Filadélfia 8 Unidades,3090,0,NULL,0
159578880,Nakazumy Sushi,108864043,109978646,Croquete salmao ( 8 unid,3990,0,NULL,1
159578880,Nakazumy Sushi,108982040,109760152,RODIZIO NAKAZUMY ( 2 PESSOAS ),14990,0,NULL,1
159578880,Nakazumy Sushi,108545196,109580334,Combo 7 (32 Unidades),9199,0,NULL,0
159578880,Nakazumy Sushi,108579899,109610314,Jou Salmão 8 Unidades,4990,0,NULL,1
159578880,Nakazumy Sushi,108596519,109450901,Mix Dourado (25 Unidades),8490,0,NULL,0
159578880,Nakazumy Sushi,108678801,109488952,Temaki Empanado,5390,0,NULL,0
159578880,Nakazumy Sushi,108711803,109755719,Harumaki 8 Unidades,3490,0,NULL,0
159578880,Nakazumy Sushi,108816253,109548227,Schweppes Citrus Lata 350ml,1090,0,NULL,0
159578880,Nakazumy Sushi,108828897,109429787,Temaki De Peixe Prego,4190,0,NULL,0
159578880,Nakazumy Sushi,108850789,109464175,Combo 12 (30 Unidades),14990,0,NULL,0
159578880,Nakazumy Sushi,108860872,109570300,Combo Salmão 2 ( 40 Unidades) + 02 Temaki mine,19990,0,NULL,0
159578880,Nakazumy Sushi,108927558,109630652,Combo 5 ( 25 Unidades),6890,1,1091,0
159578880,Nakazumy Sushi,108711804,109538311,Temaki De Salmão,4990,0,NULL,1
159578880,Nakazumy Sushi,108761400,109661604,Combo 13 (32 Unidades),15990,0,NULL,0
159578880,Nakazumy Sushi,108828896,109620783,Temaki Salmão Grelhado,4990,0,NULL,0
159578880,Nakazumy Sushi,108828899,109513708,Combo Familia 70 Peças + 2 Temaki A Sua Escolha (combo Completo),34590,0,NULL,0
159578880,Nakazumy Sushi,108841069,109498807,Combo 4 (25 Unidades),12490,0,NULL,0
159578880,Nakazumy Sushi,108850785,109464170,Porção De Shimeji 300g,6490,0,NULL,0
159578880,Nakazumy Sushi,108850787,109630649,Refrigerante H2oh Limoneto Pet 500ml,1290,0,NULL,0
159578880,Nakazumy Sushi,108896560,109513707,Combo 15 30 Peças + 2 Temakis,14990,0,NULL,1
159578880,Nakazumy Sushi,108906485,109524720,Combo 10 (30 Unidades),14990,0,NULL,0
159578880,Nakazumy Sushi,108937638,109464172,Hot Holl 20 Unidades,3990,1,91,1
159578880,Nakazumy Sushi,108606965,109464173,Refrigerante H2oh Limão 500ml,1290,0,NULL,0
159578880,Nakazumy Sushi,108784324,109570298,Guioza De Carne 8 Unidades,3990,0,NULL,0
159578880,Nakazumy Sushi,108784326,109755720,Guaraná Antarctica Lata,1090,0,NULL,0
159578880,Nakazumy Sushi,108927557,109450903,Temaki Kani,3690,0,NULL,0
159412112,Lega Lega Lamen,59592446,60141966,Missô Lamen com Filé de Frango Crocante,6400,0,NULL,1
159412112,Lega Lega Lamen,80241539,80560579,Shoyu Lamen com Copa Lombo Suíno,6600,0,NULL,1
159412112,Lega Lega Lamen,58590970,80570282,Shoyu Lamen com Frango Crocante,6400,0,NULL,1
159412112,Lega Lega Lamen,57591970,54141901,Missô Lamen Barriga Suína Suculenta,6800,0,NULL,1
159412112,Lega Lega Lamen,44509774,59141570,Missô Lamen Vegano c/ Tofu Grelhado e Duo de Gergelim,7200,0,NULL,1
159412112,Lega Lega Lamen,115316993,118194698,Gyūdon Tradicional,6200,0,NULL,0
159412112,Lega Lega Lamen,113651052,116260212,Kârre /  Curry Japonês com Frango Crocante,5600,0,NULL,0
159412112,Lega Lega Lamen,46562327,59141567,Frango Crocante 150gr,2600,0,NULL,0
159412112,Lega Lega Lamen,52592742,80612019,Shoyu Lamen com Barriga Suína Suculenta,6800,0,NULL,1
159412112,Lega Lega Lamen,80228849,80653254,Ovo Marinado,800,0,NULL,1
159412112,Lega Lega Lamen,80264117,50140872,Macarrão Lamen,1600,0,NULL,0
159412112,Lega Lega Lamen,47562100,80621871,Shoyu Lamen Vegetariano c/ Shitake Grelhado,7000,0,NULL,0
159412112,Lega Lega Lamen,52592737,60141964,Missô Lamen  Copa Lombo Macia,6600,0,NULL,1
159412112,Lega Lega Lamen,80312163,50140866,Coca Cola Zero Lata 350ml,800,0,NULL,0
159412112,Lega Lega Lamen,52592740,80560578,Caldo Missô,3800,0,NULL,0
159412112,Lega Lega Lamen,113430513,116127027,Kombucha Maca Hello Kitty Pedy+ 260ml,1490,0,NULL,0
159412112,Lega Lega Lamen,114267456,117245538,Macarrão Lamen + Moyashi + Cenoura,2200,0,NULL,0
159412112,Lega Lega Lamen,115105969,118337728,Gyūdon Tradicional s/ Ovo,5800,0,NULL,0
159412112,Lega Lega Lamen,80176759,48141281,Shoyu Lamen Vegano c/ Tofu Grelhado e Duo de Gergelim,7200,0,NULL,1
159412112,Lega Lega Lamen,85620538,85992106,Nori (Alga),500,0,NULL,0
159412112,Lega Lega Lamen,80211424,58142643,Milho Verde,700,0,NULL,0
159412112,Lega Lega Lamen,80211429,80684646,Fios de Cenoura,500,0,NULL,0
159412112,Lega Lega Lamen,98135324,99547334,Harumaki Vegano,2900,0,NULL,0
159412112,Lega Lega Lamen,102696580,103914244,Chá Verde Jabuticaba 290 ml Zero,690,0,NULL,0
159412112,Lega Lega Lamen,80228847,80599398,Barriga Suína Suculenta 120gr,2400,0,NULL,0
159412112,Lega Lega Lamen,98066030,99404622,Caldo Missô Vegano \ Vegetáriano,4000,0,NULL,0
159412112,Lega Lega Lamen,113585253,116094838,Cha Mate+Kuromi Cola Pedy+ 260ml,1490,0,NULL,0
159412112,Lega Lega Lamen,53591771,80669194,Copa Lombo 120gr,2200,0,NULL,0
159412112,Lega Lega Lamen,54592253,80653249,Missô Lamen Vegetariano c/ Shitake Grelhado,7000,0,NULL,1
159412112,Lega Lega Lamen,62592000,80550634,Caldo Shoyu,3800,0,NULL,0
159412112,Lega Lega Lamen,80241540,80653251,Coca-Cola Original 350ml,800,0,NULL,0
159412112,Lega Lega Lamen,80789337,59170327,Moyashi orgânico,700,0,NULL,0
159427500,Temaki da Lagoa,83151290,82912431,36 Unidades Hot Rolls,5990,0,NULL,0
159427500,Temaki da Lagoa,86567947,64246720,Tmk Salmão Completo,2790,0,NULL,1
159427500,Temaki da Lagoa,85846025,83020603,Uramaki 8 Un.,2690,0,NULL,1
159427500,Temaki da Lagoa,86567948,83379161,Joy 8 Un.,3490,0,NULL,0
159427500,Temaki da Lagoa,86501391,83004015,Hot Roll Salmão 12 Un.,2490,0,NULL,1
159427500,Temaki da Lagoa,106779531,107929333,Tepan,4690,0,NULL,0
159427500,Temaki da Lagoa,83091277,83491647,1 Temaki + Hot Roll 12 Un.,8558,1,2567,1
159427500,Temaki da Lagoa,106824945,107772553,Yakisoba,3990,0,NULL,0
159427500,Temaki da Lagoa,85909827,83030393,Ceviche Salmão,5990,1,1198,0
159427500,Temaki da Lagoa,85919582,83004018,Tmk Salmão Grelhado Hot,2990,0,NULL,1
159427500,Temaki da Lagoa,82704382,49245388,Heineken Long,1250,0,NULL,0
159427500,Temaki da Lagoa,85762655,54246450,Tmk Salmão Grelhado,2790,0,NULL,0
159427500,Temaki da Lagoa,85815416,64246718,Guaraná Antártica 2 Litros,1700,0,NULL,0
159427500,Temaki da Lagoa,85879995,83020608,Poke Da Lagoa Salmão Empanado,4690,0,NULL,0
159427500,Temaki da Lagoa,85940383,47244235,Harumaki Queijo 2 Un.,1990,0,NULL,0
159427500,Temaki da Lagoa,85953581,83439178,Hossomaki 8 Un.,1990,0,NULL,0
159427500,Temaki da Lagoa,55683798,83481825,Água Sem Gás,500,0,NULL,0
159427500,Temaki da Lagoa,85730032,47244233,Sashimi Salmão 12 Un.,5400,1,1080,0
159427500,Temaki da Lagoa,85730035,83369132,Sushi Burguer,5990,1,1198,1
159427500,Temaki da Lagoa,85772806,83471805,Tmk Salmão Skin,2490,0,NULL,0
159427500,Temaki da Lagoa,85815415,83419144,Hot Roll Banana + Chocolate 2un.,1990,0,NULL,0
159427500,Temaki da Lagoa,85940382,49245395,Ceviche Salmão Camarão,3990,0,NULL,0
159427500,Temaki da Lagoa,106869056,107704890,Hot Tortinha De Limão,2490,0,NULL,0
159427500,Temaki da Lagoa,106993126,107910166,Refrigerante Lata,700,0,NULL,0
159427500,Temaki da Lagoa,48652050,53245354,Água Com Gás,500,0,NULL,0
159427500,Temaki da Lagoa,85638699,83004016,Tmk Salmão Com Camarão,2990,0,NULL,0
159427500,Temaki da Lagoa,85846027,49245387,H2oh Limão 500ml,790,0,NULL,0
159427500,Temaki da Lagoa,85869020,83369128,Tmk Salmão Com Kani,2990,0,NULL,0
159427500,Temaki da Lagoa,86028839,83439179,Del Valle Uva,700,0,NULL,0
159427500,Temaki da Lagoa,86501389,47244226,Tmk Salmão Doritos,2990,0,NULL,0
159427500,Temaki da Lagoa,86578937,56246923,Tmk Salmão Simples,2790,0,NULL,0
159427500,Temaki da Lagoa,106815248,107794286,Joy Com Mussarela 8 Unidade,3890,0,NULL,0
159427500,Temaki da Lagoa,107018848,107974134,Uramaki Ruffles 8 Unidade,3290,0,NULL,0
159427500,Temaki da Lagoa,107038555,107725638,Macarrão Com Salmão,4390,0,NULL,0
159427500,Temaki da Lagoa,107103186,107870391,Poke Da Lagoa Salmão Cru,4690,0,NULL,0
159427500,Temaki da Lagoa,48652043,83399196,24 Unidades Hot Rolls,8558,1,2567,1
159427500,Temaki da Lagoa,85638700,82932433,Tmk California,2490,0,NULL,0
159427500,Temaki da Lagoa,85638701,83020605,Guioza Bovina 4 Un.,1990,0,NULL,0
159427500,Temaki da Lagoa,86578940,83004019,Sunomono,1990,0,NULL,0
159427500,Temaki da Lagoa,86578943,83419146,Sushi Ball 6 Un.,5490,1,1098,0
159427500,Temaki da Lagoa,106805175,107804567,Hossomaki 8 Unidade ,1990,0,NULL,0
159427500,Temaki da Lagoa,106834860,107783412,Yakisoba Camarão,4290,0,NULL,0
159427500,Temaki da Lagoa,106928422,108021377,Hot Banana Nevada 12 Unidade,2490,0,NULL,0
159427500,Temaki da Lagoa,106940377,107919498,Sushi Burguer ,3490,0,NULL,0
159427500,Temaki da Lagoa,107103242,108090315,Hot Roll Salmão 12 Unidade,2490,0,NULL,0
159427500,Temaki da Lagoa,107103260,108080323,Cerveja Amstel Lata 350ml,650,0,NULL,0
159427500,Temaki da Lagoa,61684090,83379155,Guaraviton Açai 500ml,790,0,NULL,0
159427500,Temaki da Lagoa,83091273,83369126,2 Temakis + Hot Roll 12 Un.,12857,1,3857,1
159427500,Temaki da Lagoa,85846026,83481818,Niguiri 8 Un.,5400,1,1080,0
159427500,Temaki da Lagoa,85879993,83369127,Carpaccio Salmão,5400,1,1080,0
159427500,Temaki da Lagoa,85879994,83389226,Poke Da Lagoa Salmão Completo,5990,0,NULL,0
159427500,Temaki da Lagoa,85899837,83030396,Harumaki Chocolate 2 Un.,1990,0,NULL,0
159427500,Temaki da Lagoa,86501392,83461845,Coca Cola 2 Litros,1700,0,NULL,0
159427500,Temaki da Lagoa,106869004,108021335,Uramaki 8 Unidade,2690,0,NULL,0
159427500,Temaki da Lagoa,83161357,83461838,H2oh Limoneto 500ml,790,0,NULL,0
159427500,Temaki da Lagoa,85638702,49245396,Yakisobas,3990,0,NULL,0
159427500,Temaki da Lagoa,106869011,107715097,Temaki Croc,3490,0,NULL,0
159546958,Fujita San,96089217,97180535,Combinado Fujita 04 (32 Unidades),11500,0,NULL,1
159546958,Fujita San,95483689,96932789,Temaki Salmão Filadélfia,3200,0,NULL,1
159546958,Fujita San,95669402,97065863,Combinado Fujita 02 (17 Unidades),6800,0,NULL,1
159546958,Fujita San,95679428,97391771,Joy Brie,3800,0,NULL,0
159546958,Fujita San,95752247,97391652,Guioza De Legumes,2400,0,NULL,0
159546958,Fujita San,95503882,96932920,Shoyu Light,40,0,NULL,0
159546958,Fujita San,95503883,97066036,Refrigerante Coca-Cola Original 310ml,800,0,NULL,0
159546958,Fujita San,95592536,97036163,Uramaki Skim,2700,0,NULL,0
159546958,Fujita San,95633625,97036049,Sashimi Shake Super,7500,0,NULL,0
159546958,Fujita San,95633712,96972582,Robata De Filé Com Queijo,2800,0,NULL,0
159546958,Fujita San,95659607,97096967,Niguiri De Kani,2800,0,NULL,0
159546958,Fujita San,95669417,97266345,Ussuzukuri Trufado (Carpaccio),5000,0,NULL,0
159546958,Fujita San,95679447,96962517,Adaptador Para Hashi,50,0,NULL,0
159546958,Fujita San,95691192,96982423,Uramaki Salmão Fry,3300,0,NULL,0
159546958,Fujita San,95768013,97266466,Joy De Geleia,3800,0,NULL,0
159546958,Fujita San,95997247,97025386,Uramaki Salmão Com Shimeji,3500,0,NULL,0
159546958,Fujita San,96089234,97266346,Ussuzukuri (Carpaccio),4500,0,NULL,0
159546958,Fujita San,95473998,96972432,Combinado Fujita Variado 05 (32 Unidades),12000,0,NULL,0
159546958,Fujita San,95483750,97046393,Uramaki Salmão E Kani,3200,0,NULL,0
159546958,Fujita San,95513656,97065989,Haru Salmão E Kani (sem Arroz),4200,0,NULL,0
159546958,Fujita San,95563766,97141980,Temaki Salmão Com Kani,3000,0,NULL,0
159546958,Fujita San,95607714,97085975,Shakemaki,2100,0,NULL,0
159546958,Fujita San,95679427,97066004,Niguiri Trufado,4100,0,NULL,0
159546958,Fujita San,95691203,96962516,Shoyu Tradicional,40,0,NULL,0
159546958,Fujita San,95710343,96982317,Temaki Skim,2500,0,NULL,0
159546958,Fujita San,95742291,96962515,Molho Tare,400,0,NULL,0
159546958,Fujita San,95752251,97379670,Mega Combo,8500,0,NULL,1
159546958,Fujita San,95767943,96972467,Temaki Salmão Fry,3300,0,NULL,0
159546958,Fujita San,96089246,97164934,Bolinho De Salmão,3500,0,NULL,0
159546958,Fujita San,96089294,97131140,Haru Hot Nutella,3600,0,NULL,0
159546958,Fujita San,96089326,97046404,Robata De Salmão,2500,0,NULL,0
159546958,Fujita San,95473999,97164899,Combinado Fujita San 06 (32 Unidades),11500,0,NULL,1
159546958,Fujita San,95474020,97379662,Harumaki Banana Com Nutella,2600,0,NULL,0
159546958,Fujita San,95539956,97066021,Uramaki Salmão E Camarão,4000,0,NULL,0
159546958,Fujita San,95563767,97117680,Temaki Califórnia,2500,0,NULL,0
159546958,Fujita San,95575488,96962519,Suco Del Valle Fresh Laranja 250ml,700,0,NULL,0
159546958,Fujita San,95607641,97180572,Temaki Salmão Grelhado,2900,0,NULL,0
159546958,Fujita San,95659517,97065862,Combinado Fujita 01 (15 Unidades),5000,0,NULL,0
159546958,Fujita San,95679350,97013263,Sashimi Shake Mini,4000,0,NULL,0
159546958,Fujita San,95710313,97266330,Combinado Fujita 03 ( 26 Unidades),9500,0,NULL,1
159546958,Fujita San,95710384,96952843,Hot Roll Kani,2600,0,NULL,0
159546958,Fujita San,96009155,97210764,Harumaki Salmão Com Kani,2500,0,NULL,0
159546958,Fujita San,95453858,97065881,Ceviche De Salmão,5000,0,NULL,0
159546958,Fujita San,95453924,97096966,Niguiri De Salmão,3800,0,NULL,0
159546958,Fujita San,95463979,97003242,Temaki Salmão Hot,3500,0,NULL,0
159546958,Fujita San,95575402,97164935,Sunomono Com Kani,1800,0,NULL,0
159546958,Fujita San,95607630,96993241,Sashimi Vip Trufado(maçaricado),4500,0,NULL,0
159546958,Fujita San,95607642,97379671,Temaki Salmão Cru,3000,0,NULL,0
159546958,Fujita San,95649440,97117762,Hot Salmão Com Camarão,4200,0,NULL,0
159546958,Fujita San,95722237,97085983,King Roll Ebi,4500,0,NULL,0
159546958,Fujita San,95742212,96942626,Harumaki De Queijo,2500,0,NULL,0
159546958,Fujita San,95494053,97362439,Niguiri Skim,3000,0,NULL,0
159546958,Fujita San,95659599,97210857,Haru Hot De Salmão (sem Arroz),4500,0,NULL,0
159546958,Fujita San,95464043,97391786,Uramaki Salmão Filadélfia,3200,0,NULL,0
159546958,Fujita San,95464044,97210885,Uramaki Supremo,3600,0,NULL,0
159546958,Fujita San,95474123,97362462,Suco Del Valle Fresh Uva 250ml,700,0,NULL,0
159546958,Fujita San,95503863,97391787,Hosomaki De Kani,1900,0,NULL,0
159546958,Fujita San,95607725,97362460,Gengibre Em Conserva,300,0,NULL,0
159546958,Fujita San,95633675,97266454,Hot Salmão Completo,3200,0,NULL,1
159546958,Fujita San,95633676,97117763,Hot Salmão Com Crispy,3400,0,NULL,0
159546958,Fujita San,95679358,96982313,Guioza De Carne,2600,0,NULL,0
159546958,Fujita San,95691193,97165072,Kappamaki,1900,0,NULL,0
159546958,Fujita San,95752246,97200502,Harumaki Romeu E Julieta,2400,0,NULL,0
159546958,Fujita San,95752294,97180680,Joy Tradicional,3600,0,NULL,0
159546958,Fujita San,95777982,97036066,Temaki Kani,2700,0,NULL,0
159546958,Fujita San,95997164,96972452,Ceviche Frutos Do Mar,6000,0,NULL,0
159546958,Fujita San,95997246,97200620,Uramaki Salmão,3000,0,NULL,0
159551458,Temakeria Tropical,110716354,112419107,"Combo Poke, Hot Roll E Bebida",9380,1,1876,0
159551458,Temakeria Tropical,110591335,112172809,Escolha Seu Hot Roll,2490,1,747,1
159551458,Temakeria Tropical,110781243,112075527,Monte Seu Poke,6490,0,NULL,1
159551458,Temakeria Tropical,113776366,116923280,Combo 2 Pokes + Hot Roll,15990,1,4797,1
159551458,Temakeria Tropical,110568476,112183732,Combinados De Sushi Salmão,7490,0,NULL,1
159551458,Temakeria Tropical,110695654,112380910,Combo 2 Temakis Com 12 Hot Roll,11070,1,2214,1
159551458,Temakeria Tropical,110705423,112238626,Escolha Seu Temaki,3490,0,NULL,1
159551458,Temakeria Tropical,115910117,119172544,"Combo Temaki, Hot Roll E Bebida",7170,1,2151,0
159551458,Temakeria Tropical,110812684,112142827,Escolha Seu Uramaki,2290,0,NULL,0
159551458,Temakeria Tropical,110603266,112089749,Salada Sunomono,1490,0,NULL,0
159551458,Temakeria Tropical,110812686,112089755,Monte Seu Próprio Combinado De Sushi,99,0,NULL,0
159551458,Temakeria Tropical,110568477,112053699,Shimeji Do Chef,3790,0,NULL,0
159551458,Temakeria Tropical,110705422,112203994,Escolha Seu Joy,3290,0,NULL,0
159551458,Temakeria Tropical,110835271,112380911,Haruhot De Salmão,4490,0,NULL,0
159551458,Temakeria Tropical,110858816,112468120,Combinado Especial Do Chef - Salmão E Camarão,7290,0,NULL,1
159551458,Temakeria Tropical,110621943,112163008,Guiozas,2290,0,NULL,0
159551458,Temakeria Tropical,110746508,112203995,Escolha Seu Hossomaki,1990,0,NULL,0
159551458,Temakeria Tropical,110444856,112408232,Rocambole Vegetariano,4490,0,NULL,0
159551458,Temakeria Tropical,110726664,112153056,Hossomaki Pepino (8 Unidades),2490,0,NULL,0
159551458,Temakeria Tropical,110643814,112283441,Combinado Especial Do Chef Com Ovas E Azeite Trufado,10990,0,NULL,1
159551458,Temakeria Tropical,110665736,112183733,Yakisoba Da Tropical,5990,0,NULL,0
159551458,Temakeria Tropical,110665740,112446867,Cerveja Zero Álcool Long Neck Corona 330ml,1100,0,NULL,0
159551458,Temakeria Tropical,110716355,112283445,Ceviche,4790,0,NULL,0
159551458,Temakeria Tropical,110457913,112468124,Escolha Seu Niguiri,3290,0,NULL,0
159551458,Temakeria Tropical,110653775,112089748,Refrigerante Guaraná Antarctica Lata 350ml,790,0,NULL,0
159551458,Temakeria Tropical,110716351,112089746,Carpaccio (20 unidades),5790,0,NULL,0
159551458,Temakeria Tropical,110716352,112203992,Tilápia Com Salada Tropical,5490,0,NULL,0
159551458,Temakeria Tropical,110802718,112142825,Refrigerante Coca Cola Zero Lata,790,0,NULL,0
159551458,Temakeria Tropical,110568475,112089747,Temaki Iti Malia (Shimeji),3290,0,NULL,0
159551458,Temakeria Tropical,110591336,112363549,Combinado Veggie (16 Peças),7090,0,NULL,0
159551458,Temakeria Tropical,110643812,112363547,Uramaki Fruit (8 Unidades),3090,0,NULL,0
159551458,Temakeria Tropical,110643815,112468123,Sashimi Com Azeite Trufado E Limão Siciliano,3790,0,NULL,0
159551458,Temakeria Tropical,110665737,112468121,Escolha Sua Vitamina,1790,0,NULL,0
159551458,Temakeria Tropical,110759418,112478114,Monte Seu Poke Vegetariano,5490,0,NULL,0
159551458,Temakeria Tropical,110835273,112131156,Cerveja Puro Malte Stella Artois 330ml,1100,0,NULL,0
159551458,Temakeria Tropical,110542690,112345172,Escolha Seu Sashimi,3290,0,NULL,0
159551458,Temakeria Tropical,110677621,112142826,Harumaki Banana Com Nutella,1390,0,NULL,0
159551458,Temakeria Tropical,110746507,112845915,Hot Roll De Banana Com Nutella,3490,0,NULL,0
159551458,Temakeria Tropical,110781244,112419109,Salada De Frutas,1290,0,NULL,0
159551458,Temakeria Tropical,110591337,112408234,Tartar Tropical,4990,0,NULL,0
159551458,Temakeria Tropical,110695656,112227808,Refrigerante Limoneto H2oh 500ml,850,0,NULL,0
159551458,Temakeria Tropical,110716353,112153054,Teppan Salmão Com Camarão,7990,0,NULL,0
159551458,Temakeria Tropical,110759417,112063715,Agua Tônica Antarctica 350ml,790,0,NULL,0
159551458,Temakeria Tropical,110781242,112249414,Agua Mineral Sem Gás Minalba 510ml,590,0,NULL,0
159551458,Temakeria Tropical,110444857,112283443,Chicken Katsu (Frango Empanado),4490,0,NULL,1
159551458,Temakeria Tropical,110457911,112330069,Croquetes,2990,0,NULL,0
159551458,Temakeria Tropical,110643817,112203996,Combinado Especial (frutos Do Mar),10490,0,NULL,0
159551458,Temakeria Tropical,110665741,112845918,Uramaki Veggie (8 Unidades),3490,0,NULL,0
159551458,Temakeria Tropical,110705421,112193916,Refrigerante De Limão H20h 500ml,850,0,NULL,0
159551458,Temakeria Tropical,110726665,112345175,Monte Seu Poke - Frango,4490,0,NULL,0
159551458,Temakeria Tropical,110736355,112419105,Joy De Frutas Com Nutella,2590,0,NULL,0
159551458,Temakeria Tropical,110858819,112153055,Sashimi Maçaricado Com Molho Pesto,3590,0,NULL,0
159551458,Temakeria Tropical,110603267,112249415,Menu Kids,2990,0,NULL,0
159551458,Temakeria Tropical,110621940,112446865,Sanduíche Nori Salmão,4990,0,NULL,1
159551458,Temakeria Tropical,110643813,112203993,Combinado Especial Do Chef Flambado,9490,0,NULL,0
159551458,Temakeria Tropical,110643816,112089751,Niguiri De Palmito (6 Unidades),2990,0,NULL,0
159551458,Temakeria Tropical,110653776,112063718,Pastéizinhos De Feira,990,0,NULL,0
159551458,Temakeria Tropical,110695657,112238629,Cerveja Extra Long Neck Corona 330ml,1100,0,NULL,0
159551458,Temakeria Tropical,110835269,112183731,Rolinho Primavera/harumaki,1290,0,NULL,0
159551458,Temakeria Tropical,111286104,112172813,Combinado Especial Do Chef - Salmão E Shimeji,7290,0,NULL,0
159551458,Temakeria Tropical,110457909,112249417,Escolha Seu Suco Natural,1790,0,NULL,0
159551458,Temakeria Tropical,110457910,112101297,Coca-cola Original 350ml,790,0,NULL,0
159551458,Temakeria Tropical,110621939,112330067,Harumaki Romeu E Julieta,1390,0,NULL,0
159551458,Temakeria Tropical,110643818,112142828,Cerveja Sem Glúten Puro Malte Long Neck Stella Artois 330ml,1100,0,NULL,0
159551458,Temakeria Tropical,110736356,112419108,Mini Temakis Variados,4990,0,NULL,0
159551458,Temakeria Tropical,110771556,112419106,Refrigerante Guaraná Antarctica Zero,790,0,NULL,0
159551458,Temakeria Tropical,110812685,112227810,Antárctica Tônica Zero 350ml,790,0,NULL,0
159551458,Temakeria Tropical,110835270,112142824,Água Mineral Com Gás Minalba 510ml,590,0,NULL,0
